,Filename,Count,MP_ID,nElements,EboveHull,Material,FormationEnergy,Predicted_CT
423,423_Mg2Al12Fe2Si4B4O36.poscar,424,mp-1222184,6,0.0,MgAl6FeSi2(BO9)2,-3.197639452,10.3309765
703,703_Mg1Co2B2O6.poscar,704,mp-2217796,4,0.29990915,MgCo2(BO3)2,-2.236363433,5.484036
828,828_Mg16B2Rh8.poscar,829,mp-568621,3,0.0,Mg8BRh4,-0.435582617,3.5458193
829,829_Mg4B12H60O52.poscar,830,mp-706339,4,0.015383048,MgB3H15O13,-1.765128754,48.680813
1003,1003_Mg12Ni2B2.poscar,1004,mp-1021796,3,0.450437517,Mg6NiB,0.332600063,4.6868477
1499,1499_Mg30B1W1O32.poscar,1500,mp-1038517,4,0.15418833,Mg30BWO32,-2.851061302,19.90101
1850,1850_Mg14Fe1B1O16.poscar,1851,mp-1035654,4,0.191242793,Mg14FeBO16,-2.763089854,4.48504
1905,1905_Mg4V2B4Ir10.poscar,1906,mp-1105469,4,0.0,Mg2VB2Ir5,-0.512068304,3.9031105
1913,1913_Mg20Ta4B12O48.poscar,1914,mp-1196921,4,0.0,Mg5Ta(BO4)3,-3.108380227,18.410913
1988,1988_Cs1Mg6B1O7.poscar,1989,mp-1099225,4,0.774136533,CsMg6BO7,-2.01915739,19.0529
2197,2197_Na1Mg30B1O32.poscar,2198,mp-1039794,4,0.070012997,NaMg30BO32,-2.956478403,63.48473
3290,3290_Mg4B16O64.poscar,3291,mp-1212380,3,1.024634748,Mg(BO4)4,-0.65020681,4.4126945
3624,3624_Mg6Zn1B1.poscar,3625,mp-1022672,3,0.294219316,Mg6ZnB,0.22463015,3.890839
4433,4433_Li4Mg23B54.poscar,4434,mp-530613,3,0.040149864,Li4Mg23B54,-0.108676928,2.514015
4598,4598_Mg14Ti1B1.poscar,4599,mp-1026415,3,0.326138646,Mg14TiB,0.204923173,4.89947
5534,5534_Mg30Co1B1O32.poscar,5535,mp-1036968,4,0.113627654,Mg30CoBO32,-2.893588406,2.332742
5798,5798_Mg1Nb2B2O8.poscar,5799,mp-2219183,4,0.251649528,MgNb2(BO4)2,-2.687701845,8.296705
6349,6349_Mg8Ti4B4O20.poscar,6350,mp-1210684,4,0.041678373,Mg2TiBO5,-3.094350553,20.496588
6361,6361_Hf1Mg14B1.poscar,6362,mp-1026427,3,0.325614279,HfMg14B,0.213032948,5.7993174
6920,6920_Hf1Mg30B1O31.poscar,6921,mp-1038485,4,0.13295576,HfMg30BO31,-2.895619419,5.178448
6959,6959_Mg12Ti2B2.poscar,6960,mp-1021314,3,0.563074244,Mg6TiB,0.340310311,4.8409886
6962,6962_Mg14Cd1B1.poscar,6963,mp-1026566,3,0.209702349,Mg14CdB,0.158662431,3.9625087
7595,7595_Mg20Sn4B8O40.poscar,7596,mp-1198031,4,0.0,Mg5Sn(BO5)2,-2.910362786,58.984997
7754,7754_Mg14B1C1O16.poscar,7755,mp-1033731,4,0.327782727,Mg14BCO16,-2.628188784,2.438426
7795,7795_Mg2B18N2.poscar,7796,mp-30091,3,0.0,MgB9N,-0.422954555,2.6714816
8080,8080_Sm4Mg4B20O40.poscar,8081,mp-1208862,4,0.0,SmMg(BO2)5,-3.103105502,70.98908
8292,8292_Mg30Cr1B1O32.poscar,8293,mp-1038513,4,0.11525592,Mg30CrBO32,-2.897880231,4.512636
8300,8300_Mg3Si9B36C1.poscar,8301,mp-1222229,4,0.0,Mg3Si9B36C,-0.117245441,2.1467323
8571,8571_Mg1B2H8.poscar,8572,mp-1103290,3,0.047623754,Mg(BH4)2,-0.306338432,50.888344
8655,8655_Mg12B2W2.poscar,8656,mp-1017056,3,0.552783263,Mg6BW,0.460864487,6.1974363
10154,10154_Mg1Nb2B2O8.poscar,10155,mp-2219466,4,0.312627729,MgNb2(BO4)2,-2.626723644,9.801802
10194,10194_K1Mg6B1O7.poscar,10195,mp-1031273,4,0.775463527,KMg6BO7,-2.023711221,48.224155
10254,10254_Mg6B2H6O12.poscar,10255,mp-554719,4,0.011741921,Mg3B(HO2)3,-2.432926392,33.17367
11352,11352_Mg1Sc1B1.poscar,11353,mp-1100394,3,0.336905618,MgScB,-0.102245905,3.4738307
11379,11379_Li2Mg2B6H36N4.poscar,11380,mp-866665,5,0.061960014,LiMgB3(H9N)2,-0.337091792,49.378754
11565,11565_Mg4B8H31.poscar,11566,mp-1201512,3,0.043623683,Mg4B8H31,-0.308388442,43.466846
11599,11599_Y1Mg6B1O8.poscar,11600,mp-1031931,4,0.477302819,YMg6BO8,-2.600962538,38.10757
11685,11685_Mg30B1C1O32.poscar,11686,mp-1038423,4,0.23573823,Mg30BCO32,-2.769267676,2.951462
12180,12180_Th4Mg1B8O20.poscar,12181,mp-1233955,4,0.152208715,Th4Mg(B2O5)4,-3.223546416,5.5813785
12316,12316_Mg6B1Sb1O8.poscar,12317,mp-1033173,4,0.672513677,Mg6BSbO8,-2.184170484,7.6473866
12994,12994_Mg6B2O6F6.poscar,12995,mp-554542,4,0.0,Mg3B(OF)3,-3.424915312,73.313065
13469,13469_Mg1B2H42C26N14O6.poscar,13470,mp-1199767,6,0.282949393,MgB2H42C26(N7O3)2,-0.275468072,14.992631
13692,13692_Mg14Al1B1O16.poscar,13693,mp-1036399,4,0.215680495,Mg14AlBO16,-2.811267793,2.1302333
14018,14018_Mg14Si1B1O16.poscar,14019,mp-1099217,4,0.324445907,Mg14SiBO16,-2.673436822,4.4055276
14667,14667_Mg14V1B1.poscar,14668,mp-1028307,3,0.364335475,Mg14VB,0.248235604,5.126965
14774,14774_Mg4B16H80N8.poscar,14775,mp-1196592,4,0.093500985,MgB4(H10N)2,-0.267206576,44.351357
15064,15064_Na1Mg3Al6Si6B3O31.poscar,15065,mp-728227,6,0.086048811,NaMg3Al6Si6B3O31,-3.038086447,33.136597
15363,15363_K2Mg12B2.poscar,15364,mp-1021406,3,0.448465003,KMg6B,0.412649112,3.300725
15452,15452_Mg14B1Sb1.poscar,15453,mp-1026429,3,0.236672795,Mg14BSb,0.137582794,4.2572975
16423,16423_Gd4Mg4B20O40.poscar,16424,mp-556905,4,0.002447518,GdMg(BO2)5,-3.095825502,17.123129
16925,16925_Mg1V12B4O20.poscar,16926,mp-1233229,4,0.139859767,MgV12(BO5)4,-2.337258734,2.0444653
17070,17070_Mg6Fe1B1O8.poscar,17071,mp-1032236,4,0.432173686,Mg6FeBO8,-2.422451309,4.6532645
17231,17231_Mg1V12B4O20.poscar,17232,mp-1234667,4,0.153621131,MgV12(BO5)4,-2.32349737,2.240406
17627,17627_Mg12B44H36O96.poscar,17628,mp-733898,4,0.27490348,Mg3B11(H3O8)3,-2.189291376,61.87959
17750,17750_Mg30Mn1B1O32.poscar,17751,mp-1037887,4,0.115327559,Mg30MnBO32,-2.896635471,1.7991616
18107,18107_Mg4B16H80N8.poscar,18108,mp-1199691,4,0.082366237,MgB4(H10N)2,-0.278341324,42.30671
18148,18148_Na1Mg30B1O32.poscar,18149,mp-1039775,4,0.092779855,NaMg30BO32,-2.933711545,74.3951
19180,19180_Mg8Fe4B4O20.poscar,19181,mp-1210692,4,0.0,Mg2FeBO5,-2.685256247,6.7980933
19331,19331_Mg2B6H40N6.poscar,19332,mp-1200895,4,0.03896834,MgB3H20N3,-0.338727796,39.177025
19606,19606_Mg1Ni3B1.poscar,19607,mp-1206415,3,0.043298927,MgNi3B,-0.271808892,3.425107
19782,19782_Ce1Mg6B1O8.poscar,19783,mp-1031104,4,0.544537805,CeMg6BO8,-2.51203055,4.6295877
19795,19795_Mg6Fe1B1O8.poscar,19796,mp-1032172,4,0.515558097,Mg6FeBO8,-2.339066898,13.081081
19982,19982_Ce1Mg14B1O16.poscar,19983,mp-1034697,4,0.316127249,CeMg14BO16,-2.739177079,3.5855665
20698,20698_Mg14Co1B1O16.poscar,20699,mp-1035053,4,0.234306382,Mg14CoBO16,-2.726085437,2.7097049
21114,21114_Mg6B4O12.poscar,21115,mp-5005,3,0.0,Mg3(BO3)2,-3.037360307,91.34061
21529,21529_Mg6Ni1B1.poscar,21530,mp-1099294,3,0.228764042,Mg6NiB,0.110926588,3.0444932
21690,21690_Y1Mg14B1O16.poscar,21691,mp-1035858,4,0.266888327,YMg14BO16,-2.799264501,29.11947
21705,21705_Mg6B2H4O10F2.poscar,21706,mp-1222264,5,0.0,Mg3BH2O5F,-2.719008569,32.5341
21764,21764_Mg6B2N6.poscar,21765,mp-28955,3,0.03075306,Mg3BN3,-1.026441835,8.429532
21981,21981_Mg4Ni2B4Ir10.poscar,21982,mp-1188248,4,0.0,Mg2NiB2Ir5,-0.382082642,4.192069
22069,22069_K1Mg14B1.poscar,22070,mp-1026827,3,0.312272776,KMg14B,0.286092632,3.3171482
22111,22111_Mg1Mn2B8O14.poscar,22112,mp-1234300,4,0.243565008,MgMn2(B4O7)2,-2.490500428,2.1376295
22283,22283_Rb1Mg14B1O15.poscar,22284,mp-1034243,4,0.389425985,RbMg14BO15,-2.539438611,44.549973
22357,22357_Mg1B1O3.poscar,22358,mp-1185693,3,1.013683424,MgBO3,-1.706766291,60.34073
22422,22422_Mg14Sn1B1.poscar,22423,mp-1026588,3,0.210475645,Mg14SnB,0.14356043,4.634163
22557,22557_Mg2B8H36O32.poscar,22558,mp-540731,4,0.008529041,MgB4(H9O8)2,-1.785489873,45.970894
22807,22807_Li1Mg30B1O31.poscar,22808,mp-1040125,4,0.085258525,LiMg30BO31,-2.91877746,34.695374
23465,23465_Li1Mg30B1O31.poscar,23466,mp-1040207,4,0.098580097,LiMg30BO31,-2.905455888,38.143288
23834,23834_Cs1Mg6B1.poscar,23835,mp-1016304,3,0.45217996,CsMg6B,0.427738342,2.7217846
23855,23855_K1Mg6B1O7.poscar,23856,mp-1031271,4,0.776087442,KMg6BO7,-2.023087306,57.99708
23952,23952_Ca2Mg2B12O34.poscar,23953,mp-1204390,4,0.462361051,CaMgB6O17,-1.822616977,4.1387897
24035,24035_Mg20B12O36F4.poscar,24036,mp-560026,4,0.0,Mg5B3O9F,-3.111897892,80.41898
24047,24047_Mg6B1Sb1O8.poscar,24048,mp-1033199,4,0.653155351,Mg6BSbO8,-2.203528811,7.2539325
24381,24381_Mg30Al1B1O32.poscar,24382,mp-1037955,4,0.106491537,Mg30AlBO32,-2.934002757,1.8756404
24483,24483_Mg4B16.poscar,24484,mp-365,2,0.0,MgB4,-0.138833163,4.0402126
24735,24735_Na1Mg3V3Cr3Si6B3H3O31.poscar,24736,mp-1221086,8,0.0,NaMg3V3Cr3Si6B3H3O31,-2.786070987,2.0507493
24793,24793_Hf1Mg6B1O8.poscar,24794,mp-1033216,4,0.568860537,HfMg6BO8,-2.495221336,31.19303
25043,25043_Cs1Mg14B1.poscar,25044,mp-1026562,3,0.375610303,CsMg14B,0.363389494,6.120689
25454,25455_Mg14Cd1B1.poscar,25456,mp-1026485,3,0.211994676,Mg14CdB,0.160954758,4.086198
25477,25478_Mg20Nb4B12O48.poscar,25479,mp-1196847,4,0.0,Mg5Nb(BO4)3,-3.059956631,23.327745
25599,25600_Mg4B4O10.poscar,25601,mp-5547,3,0.000311198,Mg2B2O5,-3.022410708,90.84884
26728,26729_K1Mg6B1O8.poscar,26730,mp-1031308,4,0.664477618,KMg6BO8,-2.289706774,87.02715
27099,27100_Tb4Mg4B20O40.poscar,27101,mp-1208392,4,0.0,TbMg(BO2)5,-3.106819441,76.197426
27188,27189_Na2Mg12B2.poscar,27190,mp-1017341,3,0.455211924,NaMg6B,0.414315572,3.641982
27282,27283_Mg14B1C1.poscar,27284,mp-1026547,3,0.303511439,Mg14BC,0.280635956,3.6458464
27800,27801_Ca24Mg8B16C8O73.poscar,27802,mp-1228648,5,0.016811375,Ca24Mg8B16C8O73,-3.006029692,3.38654
27823,27824_Mg14B1Mo1.poscar,27825,mp-1026484,3,0.346644618,Mg14BMo,0.275726483,6.10382
28962,28963_Mg12Cd2B2.poscar,28964,mp-1017053,3,0.380303262,Mg6CdB,0.305837009,6.6012254
29052,29053_Hf1Mg30B1O31.poscar,29054,mp-1098606,4,0.195401668,HfMg30BO31,-2.833173511,20.123425
29843,29844_Mg8B32O56.poscar,29845,mp-14234,3,0.0,MgB4O7,-2.930972727,85.76773
29883,29884_Hf1Mg14B1.poscar,29885,mp-1026463,3,0.299796332,HfMg14B,0.187215,5.8122454
29920,29921_La1Mg6B1O8.poscar,29922,mp-1030977,4,0.57283598,LaMg6BO8,-2.501895167,52.801632
30867,30868_K4Mg4B4O12.poscar,30869,mp-1191101,4,0.0,KMgBO3,-2.787757879,44.502747
31046,31047_Mg12B2Mo2.poscar,31048,mp-1016669,3,0.636580064,Mg6BMo,0.50404526,7.0705643
31172,31173_Li4Mg20B24Rh38.poscar,31174,mp-1211708,4,0.0,Li2Mg10B12Rh19,-0.519587679,4.5651045
31700,31701_Na4Mg2B24H32O56.poscar,31702,mp-1221910,5,0.015196179,Na2MgB12(H4O7)4,-2.205096103,61.557907
32514,32515_Mg14Zr1B1.poscar,32516,mp-1027866,3,0.299295712,Mg14ZrB,0.187946797,4.9830384
32553,32554_Mg14Zn1B1.poscar,32555,mp-1027954,3,0.208833706,Mg14ZnB,0.160808131,2.8593094
32571,32572_Mg4Fe4B4O16.poscar,32573,mp-1210634,4,0.008591994,MgFeBO4,-2.544534491,8.644321
32880,32881_Ca1Mg6B1.poscar,32882,mp-1023213,3,0.377073511,CaMg6B,0.271083144,3.560638
33875,33876_Mg4Ge2B4Rh10.poscar,33877,mp-505693,4,0.0,Mg2GeB2Rh5,-0.638345739,3.673068
34713,34714_Mg30Ti1B1O32.poscar,34715,mp-1040310,4,0.126412958,Mg30TiBO32,-2.916436998,2.920671
35097,35098_Mg14Nb1B1.poscar,35099,mp-1026514,3,0.335370373,Mg14NbB,0.229351653,6.1713376
35104,35105_Mg1Mn2B8O14.poscar,35106,mp-1234717,4,0.299813548,MgMn2(B4O7)2,-2.434251888,3.9901814
35411,35412_Mg12Cr2B2.poscar,35413,mp-1016621,3,0.615353717,Mg6CrB,0.472770174,5.181142
35593,35594_K1Mg6B1O7.poscar,35595,mp-1031257,4,0.566196759,KMg6BO7,-2.23297799,41.633762
35632,35633_Mg1Cu2B2H8Cl2O8.poscar,35634,mp-1234759,6,0.150613364,MgCu2B2H8(ClO4)2,-1.546957203,2.3659449
36092,36093_Mg12B8S4O56.poscar,36094,mp-1196808,4,0.418214885,Mg3B2SO14,-1.664473776,2.9355307
36194,36195_Li1Mg14B1O16.poscar,36196,mp-1035346,4,0.127268167,LiMg14BO16,-2.888544522,68.239555
36280,36281_Mg1Co12B4O20.poscar,36282,mp-1234270,4,0.296146054,MgCo12(BO5)4,-1.692556706,2.116052
36370,36371_K1Mg30B1O31.poscar,36372,mp-1040287,4,0.117222496,KMg30BO31,-2.876135529,37.128006
36592,36593_Cs2Mg12B2.poscar,36594,mp-1016422,3,0.39870094,CsMg6B,0.374259322,2.6753678
36710,36711_Mg1V12B4O20.poscar,36712,mp-1234588,4,0.15819159,MgV12(BO5)4,-2.318926911,2.1013527
36904,36905_Hf1Mg6B1O7.poscar,36906,mp-1033374,4,0.552677668,HfMg6BO7,-2.394409124,18.749207
37064,37065_Mg12Ti2B2.poscar,37066,mp-1021319,3,0.614798543,Mg6TiB,0.39203461,5.206921
37809,37810_Mg30Ti1B1O32.poscar,37811,mp-1040308,4,0.121802984,Mg30TiBO32,-2.921046972,3.0922086
37842,37843_Rb1Mg14B1O15.poscar,37844,mp-1034284,4,0.301786041,RbMg14BO15,-2.627078554,42.548653
37844,37845_Mg6B1W1O8.poscar,37846,mp-1033319,4,0.62424656,Mg6BWO8,-2.234631072,16.490892
38097,38098_Mg7B1.poscar,38099,mp-1016262,2,0.381915988,Mg7B,0.35747437,3.5226507
38127,38128_La1Mg6B1O8.poscar,38129,mp-1030985,4,0.65012261,LaMg6BO8,-2.424608538,34.837997
38317,38318_Y1Mg30B1O32.poscar,38319,mp-1037198,4,0.129006609,YMg30BO32,-2.931089955,25.511856
38496,38497_Mg4Al12Si4B4O36.poscar,38498,mp-1210669,5,0.0,MgAl3SiBO9,-3.309824363,61.266903
38656,38657_Hf1Mg14B1O15.poscar,38658,mp-1033909,4,0.350482744,HfMg14BO15,-2.651805858,18.19292
39084,39085_Cs1Mg14B1O16.poscar,39086,mp-1099218,4,0.33755105,CsMg14BO16,-2.660496694,57.93377
39313,39314_Li1Mg6B1O7.poscar,39315,mp-1031116,4,0.396079416,LiMg6BO7,-2.447942764,44.786194
39440,39441_Mg2B24O48.poscar,39442,mp-1201208,3,0.274452521,Mg(BO2)12,-2.189008735,4.0094523
39465,39466_Mg30Co1B1O32.poscar,39467,mp-1036995,4,0.097946261,Mg30CoBO32,-2.909269799,2.3065133
39667,39668_Na1Mg6B1O7.poscar,39669,mp-1030690,4,0.425456281,NaMg6BO7,-2.373434336,40.744408
40509,40510_Mg14Cu1B1.poscar,40511,mp-1026902,3,0.188604147,Mg14CuB,0.154117879,3.7497725
41176,41177_Mg30Mn1B1O32.poscar,41178,mp-1098739,4,0.113198474,Mg30MnBO32,-2.898764556,4.8996973
41540,41541_Mg14B1W1.poscar,41542,mp-1026491,3,0.366836666,Mg14BW,0.320877278,5.859206
41983,41984_Rb1Mg30B1O31.poscar,41985,mp-1039725,4,0.13634608,RbMg30BO31,-2.856099825,28.334194
42071,42072_Mg6Al1B1O8.poscar,42073,mp-1032987,4,0.435201441,Mg6AlBO8,-2.564654837,7.454711
42205,42206_Mg6B1W1O8.poscar,42207,mp-1033247,4,0.604383985,Mg6BWO8,-2.254493647,2.2557883
42365,42366_Li1Mg9B20.poscar,42367,mp-35040,3,0.023793727,LiMg9B20,-0.119029829,2.639589
42450,42451_Mg3Mn5B4O16.poscar,42452,mp-770722,4,0.0,Mg3Mn5(BO4)4,-2.589592068,3.1226282
43096,43097_Na1Mg14B1O16.poscar,43098,mp-1034626,4,0.142409452,NaMg14BO16,-2.856533048,65.071266
43296,43297_K1Mg14B1O16.poscar,43298,mp-1035582,4,0.29465861,KMg14BO16,-2.709453735,95.82376
43376,43377_Mg4Zn2B4Ir10.poscar,43378,mp-865031,4,0.0,Mg2ZnB2Ir5,-0.460289983,3.9474049
43473,43474_Mg4Si8B48.poscar,43475,mp-567224,3,0.0,Mg(SiB6)2,-0.104515338,1.8930051
43694,43695_Ca4Mg1B4H6C2O18.poscar,43696,mp-697563,6,0.047633461,Ca4MgB4H6(CO9)2,-2.485434495,59.870552
44003,44004_Li1Mg14B1O15.poscar,44005,mp-1035353,4,0.218235356,LiMg14BO15,-2.734183273,46.654125
44429,44430_Mg12Al2B2.poscar,44431,mp-1023310,3,0.41590045,Mg6AlB,0.366458274,3.257021
44584,44585_Mg30B1W1O32.poscar,44586,mp-1038510,4,0.1527865,Mg30BWO32,-2.852463133,15.950244
44627,44628_Mg4B24H56O68.poscar,44629,mp-1196351,4,0.012452851,MgB6H14O17,-2.00546099,48.70681
45046,45047_Mg8B48O120.poscar,45048,mp-868019,3,0.700223579,Mg(B2O5)3,-1.534584201,4.6859837
45375,45376_K1Mg6B1O7.poscar,45377,mp-1031240,4,0.575797453,KMg6BO7,-2.223377296,38.380234
45442,45443_Mg2B24H24O12.poscar,45444,mp-1199979,4,1.189841241,MgB12(H2O)6,0.083261804,4.793994
45647,45648_Mg16B8N16Cl8.poscar,45649,mp-581639,4,0.023931933,Mg2BN2Cl,-1.402707743,7.2378125
45873,45874_Hf1Mg30B1O31.poscar,45875,mp-1038364,4,0.184207367,HfMg30BO31,-2.844367812,20.104107
46492,46493_Mg30Cr1B1O32.poscar,46494,mp-1038543,4,0.121390285,Mg30CrBO32,-2.891745867,9.260285
47149,47150_Mg14B1Sb1O16.poscar,47151,mp-1033691,4,0.345963689,Mg14BSbO16,-2.609398541,10.82847
47328,47329_Mg4Ge2B4Ir10.poscar,47330,mp-1106175,4,0.0,Mg2GeB2Ir5,-0.500238947,3.8976583
47345,47346_Rb1Mg6B1O7.poscar,47347,mp-1033689,4,0.645840678,RbMg6BO7,-2.149503168,8.442213
47631,47632_Mg4B8H44C4S2.poscar,47633,mp-1202789,5,0.143417211,Mg2B4H22C2S,-0.215148699,11.543597
47810,47811_Li1Mg30B1O31.poscar,47812,mp-1040080,4,0.08625636,LiMg30BO31,-2.917779625,33.548378
47932,47933_Mg12Sn2B2.poscar,47934,mp-1021448,3,0.300358006,Mg6SnB,0.193782726,4.5601373
48056,48057_Mg4Al1B10.poscar,48058,mp-1222150,3,0.0,Mg4AlB10,-0.139414037,3.8353748
49073,49074_Mg6Si1B1.poscar,49075,mp-1017427,3,0.328196333,Mg6SiB,0.24586106,3.085843
49126,49127_K1Mg14B1O15.poscar,49128,mp-1035680,4,0.264697175,KMg14BO15,-2.666021083,37.947697
49719,49720_Mg6Ti1B1O8.poscar,49721,mp-1031319,4,0.470507215,Mg6TiBO8,-2.538771711,16.432158
49723,49724_Mg12V2B2.poscar,49725,mp-1021696,3,0.694643709,Mg6VB,0.474102993,4.6852612
49961,49962_Mg4B24O64.poscar,49963,mp-1181440,3,0.681782355,Mg(B3O8)2,-1.45585987,5.2417426
50079,50080_Mg14Nb1B1.poscar,50081,mp-1026525,3,0.342196418,Mg14NbB,0.236177697,6.0823092
50481,50482_Cs1Mg6B1O7.poscar,50483,mp-1098281,4,0.277492859,CsMg6BO7,-2.515801063,21.329363
50598,50599_Mg12B2C2.poscar,50600,mp-1017229,3,0.418208719,Mg6BC,0.372457752,3.2986221
50841,50842_Na1Mg2Al6V1Si6B3H3O31.poscar,50843,mp-1221055,8,0.006910337,NaMg2Al6VSi6B3H3O31,-3.042942783,28.063286
50858,50859_Mg4B8H24.poscar,50860,mp-1202722,3,0.034447885,Mg(BH3)2,-0.300880393,42.674538
50912,50913_Li1Mg14B1O16.poscar,50914,mp-1035090,4,0.168635609,LiMg14BO16,-2.847177081,76.87811
51723,51724_Mg1Al2B28.poscar,51725,mp-1222257,3,0.031150608,Mg(AlB14)2,-0.064710456,2.289054
51766,51767_Mg12B28Cl4O52.poscar,51768,mp-23087,4,0.0,Mg3B7ClO13,-2.920809176,78.43076
52364,52365_Mg14B1Mo1.poscar,52366,mp-1026474,3,0.326478118,Mg14BMo,0.255559983,6.387935
52393,52394_Y1Mg14B1.poscar,52395,mp-1027987,3,0.20577858,YMg14B,0.12258084,4.338886
52464,52465_Mg4Fe8B4O20.poscar,52466,mp-1196909,4,0.0,MgFe2BO5,-2.328322198,2.120988
52839,52840_Mg14Al1B1.poscar,52841,mp-1028227,3,0.211263107,Mg14AlB,0.172923083,3.4972665
53035,53036_Cs1Mg30B1O32.poscar,53037,mp-1039625,4,0.151164347,CsMg30BO32,-2.874879675,51.909756
53079,53080_Ce1Mg6B1.poscar,53081,mp-1017491,3,0.321129376,CeMg6B,0.212420669,4.0280833
53764,53765_Er4Mg4B20O40.poscar,53766,mp-1213132,4,0.014839271,ErMg(BO2)5,-3.103497948,79.85725
54061,54062_K8Mg4B16H64.poscar,54063,mp-1197682,4,0.015535453,K2Mg(BH4)4,-0.42025886,65.291245
54115,54116_Mg16B2Pt8.poscar,54117,mp-568681,3,0.0,Mg8BPt4,-0.663863007,3.445716
54424,54425_Mg8B8O20.poscar,54426,mp-560772,3,0.001829043,Mg2B2O5,-3.020892862,90.72356
55137,55138_Mg12Nb2B2.poscar,55139,mp-1016585,3,0.640090639,Mg6NbB,0.439269053,7.0313463
55263,55264_Dy4Mg4B20O40.poscar,55265,mp-1212987,4,0.000214365,DyMg(BO2)5,-3.106086831,76.54179
55628,55629_Mg14Fe1B1O16.poscar,55630,mp-1035531,4,0.261428472,Mg14FeBO16,-2.692904175,4.9017386
56993,56994_Mg14Co1B1O16.poscar,56995,mp-1035075,4,0.188009556,Mg14CoBO16,-2.772382264,2.3470597
57048,57049_Na1Mg14B1.poscar,57050,mp-1099094,3,0.226988249,NaMg14B,0.194572993,3.4347615
57719,57720_Mg6B14Cl2O26.poscar,57721,mp-23617,4,0.010068978,Mg3B7ClO13,-2.910740198,81.363106
57736,57737_Li1Mg6B1O8.poscar,57738,mp-1031148,4,0.349957819,LiMg6BO8,-2.627627261,72.02384
57924,57925_Sr4Mg4B8O20.poscar,57926,mp-1020634,4,0.0,SrMgB2O5,-3.122655181,77.83597
58036,58037_Mg2B4H16.poscar,58038,mp-1190942,3,0.004109326,Mg(BH4)2,-0.349852859,19.450033
58038,58039_Na1Mg6B1O8.poscar,58040,mp-1030755,4,0.418681908,NaMg6BO8,-2.525162793,70.2483
58094,58095_Mg6Co1B1O8.poscar,58096,mp-1032059,4,0.483447242,Mg6CoBO8,-2.383296098,1.9532871
58145,58146_Mg3B1.poscar,58147,mp-1016250,2,0.655996299,Mg3B,0.607113063,3.4067345
58200,58201_Mg6Mn1B1O8.poscar,58202,mp-1032694,4,0.418907802,Mg6MnBO8,-2.466823418,4.51653
59578,59579_Mg4Co2B4Ir10.poscar,59580,mp-1106047,4,0.0,Mg2CoB2Ir5,-0.382916358,3.6719308
59770,59771_Hf1Mg14B1O15.poscar,59772,mp-1033841,4,0.35591738,HfMg14BO15,-2.646371222,19.679102
60299,60300_Y1Mg14B1O16.poscar,60301,mp-1035864,4,0.259514051,YMg14BO16,-2.806638778,25.632744
60900,60901_Mg12Fe2B2.poscar,60902,mp-1022325,3,0.214435436,Mg6FeB,0.111538281,4.4784455
60937,60938_Hf1Mg6B1O7.poscar,60939,mp-1033290,4,0.705115876,HfMg6BO7,-2.241970917,12.491035
61187,61188_Mg6V1B1.poscar,61189,mp-1021779,3,0.428186712,Mg6VB,0.207645996,3.6865482
61664,61665_Mg6Zr1B1.poscar,61666,mp-1022493,3,0.513763196,Mg6ZrB,0.312532909,5.2770915
61894,61895_Mg4U4B8O28.poscar,61896,mp-557384,4,0.0,MgUB2O7,-3.209214198,2.7659175
62591,62592_Cs1Mg6B1O7.poscar,62593,mp-1099221,4,0.746183305,CsMg6BO7,-2.047110617,9.634263
62759,62760_Mg2B4H8C16N16O4.poscar,62761,mp-1200331,6,0.395046599,MgB2H4C8(N4O)2,-0.36208371,23.258009
63008,63009_Rb1Mg6B1O7.poscar,63010,mp-1033632,4,0.654201944,RbMg6BO7,-2.141141901,25.089535
63420,63421_Mg6Mn1B1O8.poscar,63422,mp-1032698,4,0.432963919,Mg6MnBO8,-2.452767301,6.556607
63554,63555_Rb1Mg14B1O15.poscar,63556,mp-1034374,4,0.304609929,RbMg14BO15,-2.624254667,32.02738
63679,63680_Ca1Mg14B1.poscar,63681,mp-1028149,3,0.221094233,CaMg14B,0.155774902,3.6932993
63732,63733_Mg12B8H36S4O52F4.poscar,63734,mp-707774,6,0.372044251,Mg3B2H9SO13F,-1.762821671,40.753372
63883,63884_La1Mg6B1.poscar,63885,mp-1099318,3,0.372973364,LaMg6B,0.225487364,5.0704303
63916,63917_Mg4Ga4B4O16.poscar,63918,mp-1210623,4,0.003821236,MgGaBO4,-2.750378989,63.66047
64049,64050_Rb36Mg12B58O116F2.poscar,64051,mp-1200013,5,0.0,Rb18Mg6B29O58F,-2.779273291,45.651684
64486,64488_Na1Mg14B1O15.poscar,64489,mp-1034649,4,0.238419538,NaMg14BO15,-2.692161237,43.47422
64608,64610_Mg4B8H32.poscar,64611,mp-1202830,3,0.1272367,Mg(BH4)2,-0.226725486,26.697891
65294,65296_Mg4Sc4B4O16.poscar,65297,mp-1221965,4,0.010147681,MgScBO4,-3.350707836,27.879112
65548,65550_Mg4B8P8H32O52.poscar,65551,mp-542843,5,0.009004975,MgB2P2H8O13,-2.131115022,40.311966
65833,65835_Mg14Co1B1.poscar,65836,mp-1028436,3,0.237408761,Mg14CoB,0.187149054,4.482266
66039,66041_Na4Mg2B8H40N8.poscar,66042,mp-1204556,5,0.085575231,Na2MgB4(H5N)4,-0.422509568,39.775826
66093,66095_Mg4B24H112C16O8.poscar,66096,mp-1200370,5,0.228089953,MgB6H28(C2O)2,-0.25237221,17.445751
66310,66312_Mg12Co2B2.poscar,66313,mp-1022057,3,0.524712188,Mg6CoB,0.424192774,3.5917344
66431,66433_Mg6B6Ir6.poscar,66434,mp-569048,3,0.0,MgBIr,-0.454072692,5.934786
66871,66873_Rb1Mg6B1O7.poscar,66874,mp-1033656,4,0.93063807,RbMg6BO7,-1.864705776,34.56933
66977,66979_Rb4Mg4B4O12.poscar,66980,mp-1020633,4,0.0,RbMgBO3,-2.766687915,33.56649
67388,67390_Cs1Mg30B1O31.poscar,67391,mp-1039931,4,0.171407795,CsMg30BO31,-2.820550033,33.98312
68011,68013_Ca4Mg1B4C2O18.poscar,68014,mp-1193253,5,0.18486387,Ca4MgB4(CO9)2,-2.469996395,3.6524858
68112,68114_Mg14Cu1B1.poscar,68115,mp-1026874,3,0.223917219,Mg14CuB,0.189430951,4.269674
68463,68465_Ca1Mg6B1.poscar,68466,mp-1023215,3,0.379556889,CaMg6B,0.273566521,3.4398131
69064,69066_Ca4Mg2B4H32C4O36.poscar,69067,mp-707983,6,0.023806257,Ca2MgB2H16(CO9)2,-1.892438974,72.19196
69160,69162_Hf1Mg14B1O16.poscar,69163,mp-1033686,4,0.295969705,HfMg14BO16,-2.763091381,32.66935
69296,69298_Li1Mg6B1O8.poscar,69299,mp-1031151,4,0.254064662,LiMg6BO8,-2.723520418,73.678215
69476,69478_Mg6B1C1O8.poscar,69479,mp-1033291,4,0.653885007,Mg6BCO8,-2.204017717,2.5282612
69579,69581_Rb1Mg30B1O31.poscar,69582,mp-1039895,4,0.142348419,RbMg30BO31,-2.850097487,28.06012
70362,70364_Ce1Mg14B1.poscar,70365,mp-1027162,3,0.200941979,CeMg14B,0.146587626,4.723893
70981,70983_Pr4Mg4B20O40.poscar,70984,mp-1209670,4,0.0,PrMg(BO2)5,-3.096386295,72.12829
70996,70998_Mg4B2P4O20.poscar,70999,mp-1193704,4,0.16827078,Mg2B(PO5)2,-2.497701763,2.9210944
71561,71563_Mg1Mn2B2O6.poscar,71564,mp-2240029,4,0.052827351,MgMn2(BO3)2,-2.584207213,38.17835
71718,71720_Rb1Mg6B1.poscar,71721,mp-1017387,3,0.386336258,RbMg6B,0.353480317,2.4567468
71831,71833_Mg12Nb2B2.poscar,71834,mp-1016598,3,0.564584395,Mg6NbB,0.363762809,5.920481
72149,72151_Mg14B1Sb1.poscar,72152,mp-1026462,3,0.235384008,Mg14BSb,0.136294008,3.8642297
72511,72513_Mg4Ti4B4O16.poscar,72514,mp-1222024,4,0.068826619,MgTiBO4,-3.065891364,16.717442
72949,72951_Ca2Mg2B12H24O34.poscar,72952,mp-781555,5,0.00298898,CaMgB6H12O17,-2.169600809,66.27853
73161,73163_Hf2Mg12B2.poscar,73164,mp-1017272,3,0.571098973,HfMg6B,0.365541443,5.14448
73655,73657_Mg12B2Sb2.poscar,73658,mp-1017263,3,0.375265829,Mg6BSb,0.199943643,4.5152626
74526,74528_Mg6Si1B1.poscar,74529,mp-1017377,3,0.278324017,Mg6SiB,0.195988744,2.99091
74873,74875_Mg6Ga1B1O8.poscar,74876,mp-1033242,4,0.510536425,Mg6GaBO8,-2.372898285,17.031775
74890,74892_Mg6B6P6O36.poscar,74893,mp-1202864,4,0.207325128,MgBPO6,-2.406538833,1.6047523
75282,75284_Mg30Fe1B1O32.poscar,75285,mp-1037420,4,0.12110444,Mg30FeBO32,-2.883082033,4.517315
75283,75285_Li1Mg30B1O32.poscar,75286,mp-1040099,4,0.063032133,LiMg30BO32,-2.971894362,67.070885
75444,75446_Mg6Ga1B1.poscar,75447,mp-1098205,3,0.395580517,Mg6GaB,0.304803794,5.506945
75449,75451_Sr2Mg1B2O6.poscar,75452,mp-13541,4,0.0,Sr2Mg(BO3)2,-3.188846369,61.580452
75484,75486_Ca2Mg2B12O34.poscar,75487,mp-1182424,4,0.644546384,CaMgB6O17,-1.640431644,3.6816568
75742,75744_Y2Mg12B2.poscar,75745,mp-1022629,3,0.378547253,YMg6B,0.236482183,5.0018706
76319,76321_Mg8B8H8O24.poscar,76322,mp-23748,4,0.0,MgBHO3,-2.601834914,68.82045
76373,76375_Mg14Mn1B1.poscar,76376,mp-1028127,3,0.280980583,Mg14MnB,0.21274884,4.903477
76484,76486_Rb1Mg6B1O7.poscar,76487,mp-1033624,4,0.663024914,RbMg6BO7,-2.132318931,26.758331
76721,76723_Ca8Mg8B16O52.poscar,76724,mp-1214382,4,0.256660075,Ca2Mg2B4O13,-2.42885766,5.0462313
76973,76975_Nd4Mg4B20O40.poscar,76976,mp-1210080,4,0.0,NdMg(BO2)5,-3.099344957,68.54858
77069,77071_Ce1Mg14B1.poscar,77072,mp-1026810,3,0.280375396,CeMg14B,0.226021042,4.9117603
77236,77238_Mg8B4O12F4.poscar,77239,mp-7995,4,0.002002612,Mg2BO3F,-3.221687216,75.94473
77478,77480_Mg6Cr1B1O8.poscar,77481,mp-1099233,4,0.373094106,Mg6CrBO8,-2.517329602,6.724983
77692,77694_Mg6B4Rh10.poscar,77695,mp-1210641,3,0.0,Mg3B2Rh5,-0.563110766,2.4256892
78526,78528_Mg4B24O64.poscar,78529,mp-1202817,3,0.801146581,Mg(B3O8)2,-1.336495643,4.843325
78629,78631_Rb1Mg14B1O16.poscar,78632,mp-1034231,4,0.268394465,RbMg14BO16,-2.731767263,69.152504
78924,78926_Rb1Mg6B1O8.poscar,78927,mp-1033587,4,0.809579696,RbMg6BO8,-2.13670346,77.45507
79036,79038_K1Mg30B1O32.poscar,79039,mp-1040205,4,0.102021658,KMg30BO32,-2.927054665,73.7662
79312,79314_Mg3Ni9B6.poscar,79315,mp-571428,3,0.0,MgNi3B2,-0.382955824,2.7373934
79673,79675_Mg4Cr2B4Ir10.poscar,79676,mp-1189317,4,0.0,Mg2CrB2Ir5,-0.404199376,3.4843888
79738,79740_La1Mg14B1O16.poscar,79741,mp-1034856,4,0.317437591,LaMg14BO16,-2.746948132,33.079025
80469,80471_Mg2B4H16.poscar,80472,mp-1192119,3,0.04552532,Mg(BH4)2,-0.308436866,51.822292
81353,81355_Mg30B1Sb1O32.poscar,81356,mp-1038436,4,0.17313076,Mg30BSbO32,-2.831570505,4.714584
81453,81455_Sr1Mg6B1.poscar,81456,mp-1016337,3,0.386286941,SrMg6B,0.277760682,4.055974
81456,81458_Rb1Mg6B1.poscar,81459,mp-1100164,3,0.470564849,RbMg6B,0.437708908,3.807341
81742,81744_Mg12Fe2B2.poscar,81745,mp-1022181,3,0.56603441,Mg6FeB,0.463137255,3.462666
81771,81773_Hf1Mg30B1O31.poscar,81774,mp-1038412,4,0.133663025,HfMg30BO31,-2.894912154,5.3262115
82541,82543_Mg8B8O24.poscar,82544,mp-1199652,3,0.182516128,MgBO3,-2.537933587,3.199463
82641,82643_Na1Mg6B1O7.poscar,82644,mp-1030738,4,0.567233546,NaMg6BO7,-2.231657071,46.81731
82834,82836_Ca8Mg8B16O40.poscar,82837,mp-6585,4,0.00196878,CaMgB2O5,-3.131135244,78.11433
83390,83392_Na6Mg6B6P12O66.poscar,83393,mp-1213265,5,0.468658259,NaMgBP2O11,-1.836039624,3.883335
83471,83473_Na12Mg6B18P12H6O76.poscar,83474,mp-1198429,6,0.05844583,Na6Mg3B9P6H3O38,-2.571014994,2.6319814
83521,83523_Mg6Cd1B1.poscar,83524,mp-1100160,3,0.412445679,Mg6CdB,0.337979426,7.7433352
83676,83678_Y2Mg12B2.poscar,83679,mp-1022631,3,0.423226372,YMg6B,0.281161302,5.4903545
84343,84345_Ce4Mg4B20O40.poscar,84346,mp-1213931,4,0.0,CeMg(BO2)5,-3.080834372,2.8739395
85174,85176_Sr1Mg6B1.poscar,85177,mp-1016334,3,0.392326981,SrMg6B,0.283800722,4.239763
85203,85205_La1Mg6B1.poscar,85206,mp-1099317,3,0.449851425,LaMg6B,0.302365426,6.5043955
85638,85640_Mg4B8H24.poscar,85641,mp-1198945,3,0.036786209,Mg(BH3)2,-0.298542069,31.862837
85657,85659_Mg6Zn1B1.poscar,85660,mp-1022656,3,0.257507464,Mg6ZnB,0.187918298,3.9576793
86048,86050_La4Mg4B20O40.poscar,86051,mp-557758,4,0.0,LaMg(BO2)5,-3.115146713,42.550667
86065,86067_Mg3Ni3B6P6H36O48.poscar,86068,mp-1224736,6,0.001072053,MgNiB2P2(H3O4)4,-1.947698141,27.013943
86450,86452_Na1Mg6B1O8.poscar,86453,mp-1030730,4,0.285809056,NaMg6BO8,-2.658035645,72.158745
86790,86792_Mg8B4O16.poscar,86793,mp-1210705,3,0.056794972,Mg2BO4,-2.765993883,20.109001
86972,86974_K1Mg30B1O32.poscar,86975,mp-1040196,4,0.13551755,KMg30BO32,-2.893558773,90.735146
87308,87310_Li1Mg6B1O7.poscar,87311,mp-1031185,4,0.47095475,LiMg6BO7,-2.37306743,43.00272
87457,87459_Mg12B44O96.poscar,87460,mp-1196889,3,0.238153865,Mg3B11O24,-2.349351665,3.7971563
87665,87667_Rb2Li2Mg2B8H32.poscar,87668,mp-1219622,5,0.004985516,RbLiMg(BH4)4,-0.414167804,63.04886
87713,87715_Mg4B24H48O64.poscar,87716,mp-1205090,4,0.012165578,MgB6(H3O4)4,-2.067795641,53.622833
88003,88005_Mg16B10I2N20.poscar,88006,mp-570132,4,0.028655732,Mg8B5IN10,-1.13089508,10.291333
88192,88194_K1Mg14B1O15.poscar,88195,mp-1035645,4,0.340110139,KMg14BO15,-2.590608119,49.63553
88691,88693_Rb1Mg14B1.poscar,88694,mp-1026664,3,0.298465448,RbMg14B,0.275917969,3.8638105
88999,89001_Mg4Mn2B4Ir10.poscar,89002,mp-1189623,4,0.0,Mg2MnB2Ir5,-0.442711864,3.6986399
89069,89071_K1Mg14B1O15.poscar,89072,mp-1035758,4,0.296309787,KMg14BO15,-2.634408471,52.721527
89237,89239_Mg12B2W2.poscar,89240,mp-1017057,3,0.673785774,Mg6BW,0.581866998,7.2831187
89759,89761_Cs1Mg14B1O15.poscar,89762,mp-1099260,4,0.385595484,CsMg14BO15,-2.542277214,38.251343
90177,90179_Mg6Si1B1O8.poscar,90180,mp-1030869,4,0.590299859,Mg6SiBO8,-2.351425299,22.730408
90547,90549_Mg6Al1B1O8.poscar,90550,mp-1032986,4,0.482167801,Mg6AlBO8,-2.517688477,17.00004
90879,90881_Ca2Mg2B12H44O44.poscar,90882,mp-720718,5,0.014579122,CaMgB6(HO)22,-1.901125349,70.78957
90983,90985_Mg14Co1B1.poscar,90986,mp-1028392,3,0.282324795,Mg14CoB,0.232065088,3.8427386
91116,91118_K1Mg14B1O16.poscar,91119,mp-1035823,4,0.21761586,KMg14BO16,-2.786496486,82.42387
91319,91321_Mg12Mn2B2.poscar,91322,mp-1022952,3,0.557804053,Mg6MnB,0.427828833,5.653223
92087,92089_Mg12Zr2B2.poscar,92090,mp-1022468,3,0.496790439,Mg6ZrB,0.295560152,5.437586
92655,92657_Cs16Mg16B16O48.poscar,92658,mp-1019721,4,0.002435953,CsMgBO3,-2.752977386,32.88386
92937,92939_Mg6Ga1B1.poscar,92940,mp-1017241,3,0.263220607,Mg6GaB,0.172443884,4.2266235
93078,93080_Mg2B4H16.poscar,93081,mp-571156,3,0.023967206,Mg(BH4)2,-0.329994979,26.50692
93143,93145_Mg14Cr1B1O16.poscar,93146,mp-1033898,4,0.229357169,Mg14CrBO16,-2.742874835,4.592323
93601,93603_K1Mg30B1O31.poscar,93604,mp-1040315,4,0.145066292,KMg30BO31,-2.848291733,45.34173
93855,93857_Mg4B8H32.poscar,93858,mp-1202941,3,0.026002459,Mg(BH4)2,-0.327959727,51.93056
94675,94677_Mg2B24C4.poscar,94678,mp-568803,3,0.0,Mg(B6C)2,-0.167626082,8.798368
94917,94919_K1Mg30B1O31.poscar,94920,mp-1040380,4,0.120902274,KMg30BO31,-2.872455751,32.113056
95357,95359_Mg4B8H52N12.poscar,95360,mp-1202237,4,0.042929645,MgB2H13N3,-0.42400972,44.94707
95484,95487_Li2Mg1B12H16O28.poscar,95488,mp-1195467,5,0.005803172,Li2MgB12(H4O7)4,-2.222912404,54.3077
95667,95670_Mg1B2.poscar,95671,mp-763,2,0.0,MgB2,-0.130355296,2.3950334
95758,95761_Na1Mg14B1.poscar,95762,mp-1026657,3,0.239876777,NaMg14B,0.207461521,3.6795654
95895,95898_Mg14Fe1B1.poscar,95899,mp-1027782,3,0.299987551,Mg14FeB,0.243198682,5.173337
95979,95982_Eu4Mg4B20O40.poscar,95983,mp-1213294,4,0.00023752,EuMg(BO2)5,-2.98200342,62.06972
96332,96335_Rb1Mg6B1O8.poscar,96336,mp-1033557,4,0.531151019,RbMg6BO8,-2.415132136,68.05706
97280,97283_Mg14Ga1B1O16.poscar,97284,mp-1033714,4,0.255113974,Mg14GaBO16,-2.713623531,17.854897
97366,97369_Mg1V12B4O20.poscar,97370,mp-1233792,4,0.166272779,MgV12(BO5)4,-2.310845721,2.25017
97937,97940_Mg14V1B1.poscar,97941,mp-1028283,3,0.361505284,Mg14VB,0.245405412,5.2054787
98914,98917_Y1Mg6B1O8.poscar,98918,mp-1031939,4,0.525816163,YMg6BO8,-2.552449195,24.868494
98949,98952_Na1Mg30B1O31.poscar,98953,mp-1098484,4,0.105728753,NaMg30BO31,-2.887561622,35.65499
99376,99379_Mg6Si1B1O8.poscar,99380,mp-1030828,4,0.646156835,Mg6SiBO8,-2.295568322,14.987182
99701,99704_Na1Mg30B1O31.poscar,99705,mp-1039855,4,0.104021509,NaMg30BO31,-2.889268866,33.501534
100124,100127_Mg14Si1B1.poscar,100128,mp-1026711,3,0.222888146,Mg14SiB,0.170724364,3.345132
100210,100213_Mg6Mn6B4O20.poscar,100214,mp-555830,4,0.01663458,Mg3Mn3(BO5)2,-2.637194155,4.621257
100584,100587_Hf1Mg14B1O15.poscar,100588,mp-1033729,4,0.284970862,HfMg14BO15,-2.71731774,11.185349
101175,101178_Mg14Ga1B1.poscar,101179,mp-1026430,3,0.206424229,Mg14GaB,0.147695566,4.422191
101300,101303_Mg14B1C1.poscar,101304,mp-1026426,3,0.463929942,Mg14BC,0.441054458,2.1660042
101540,101543_Hf1Mg6B1O8.poscar,101544,mp-1033138,4,0.559141907,HfMg6BO8,-2.504939966,46.46228
101799,101803_Mg2B4H16.poscar,101804,mp-1185521,3,0.009048877,Mg(BH4)2,-0.344913309,17.303284
101952,101956_Mg6Ga1B1O8.poscar,101957,mp-1033258,4,0.482461592,Mg6GaBO8,-2.400973119,18.891785
102599,102603_Li1Mg30B1O31.poscar,102604,mp-1040077,4,0.113190629,LiMg30BO31,-2.890845356,48.055435
103768,103772_Mg4Mn4B8O20.poscar,103773,mp-1222009,4,0.0,MgMnB2O5,-2.7734934,40.531105
104351,104355_Ce1Mg30B1O32.poscar,104356,mp-1039958,4,0.150726488,CeMg30BO32,-2.903945825,3.641162
104619,104623_Mg4B12O52.poscar,104624,mp-1181701,3,0.761761575,MgB3O13,-0.884230464,4.3427687
104793,104797_Y1Mg30B1O32.poscar,104798,mp-1037433,4,0.133336178,YMg30BO32,-2.926760386,26.361832
104850,104854_La1Mg14B1.poscar,104855,mp-1026772,3,0.200445746,LaMg14B,0.126331207,3.9634347
104864,104868_Rb1Mg30B1O31.poscar,104869,mp-1039762,4,0.198358945,RbMg30BO31,-2.79408696,33.773914
105215,105219_Ca24Mg24B48O120.poscar,105220,mp-1197708,4,0.004628589,CaMgB2O5,-3.128475436,76.55233
105227,105231_Mg3Al12Fe1Si4B4O36.poscar,105232,mp-1222235,6,0.000101611,Mg3Al12FeSi4(BO9)4,-3.253630296,14.847613
105294,105298_Mg4B8H32.poscar,105299,mp-1202088,3,0.027116367,Mg(BH4)2,-0.326845819,49.531948
105493,105497_Sr1Mg14B1.poscar,105498,mp-1026560,3,0.293571164,SrMg14B,0.228708528,5.2401247
106278,106282_La1Mg30B1O32.poscar,106283,mp-1040003,4,0.163003242,LaMg30BO32,-2.89620977,30.646053
106563,106567_Mg2B4H16.poscar,106568,mp-1190680,3,0.003902296,Mg(BH4)2,-0.35005989,16.512245
106910,106914_Hf1Mg6B1O7.poscar,106915,mp-1033223,4,0.699567944,HfMg6BO7,-2.247518848,16.700975
107167,107171_Mg4Fe2B4Ir10.poscar,107172,mp-1188243,4,0.0,Mg2FeB2Ir5,-0.424680092,4.0632405
107192,107196_Mg14B1W1O16.poscar,107197,mp-1033804,4,0.310946575,Mg14BWO16,-2.645512391,33.088444
107891,107895_Mg1Sn1B2O6.poscar,107896,mp-11715,4,0.0,MgSn(BO3)2,-2.715830413,60.404488
108626,108630_Mg14Ni1B1.poscar,108631,mp-1028354,3,0.205823115,Mg14NiB,0.136757994,3.490475
108655,108659_Li8Mg4B16H136N24.poscar,108660,mp-1199747,5,0.018965377,Li2MgB4(H17N3)2,-0.394661385,43.896458
108799,108803_Mg3Co1B8P8H32O52.poscar,108804,mp-1223058,6,0.014947593,Mg3CoB8P8(H8O13)4,-2.091685515,14.473325
109156,109160_Mg10B16Ir19.poscar,109161,mp-568548,3,0.0,Mg10B16Ir19,-0.471437478,2.7233996
109173,109177_Mg14Ti1B1O16.poscar,109178,mp-1034024,4,0.246935651,Mg14TiBO16,-2.784723961,9.121937
109611,109615_Mg14B1Sb1O16.poscar,109616,mp-1033732,4,0.341827553,Mg14BSbO16,-2.613534677,11.147351
109779,109783_Rb1Mg30B1O31.poscar,109784,mp-1039998,4,0.175718735,RbMg30BO31,-2.81672717,33.12392
109804,109808_Mg6B2H4O10F2.poscar,109809,mp-677193,5,0.003865043,Mg3BH2O5F,-2.715143526,33.24668
109904,109908_Na4Mg2B24H32O56.poscar,109909,mp-743656,5,0.658092522,Na2MgB12(H4O7)4,-1.562199759,44.546974
109962,109966_Ce1Mg6B1O8.poscar,109967,mp-1031096,4,0.620291459,CeMg6BO8,-2.436276896,2.9991474
110114,110118_Mg14B1W1O16.poscar,110119,mp-1033759,4,0.309682367,Mg14BWO16,-2.646776598,31.029545
110886,110890_Mg4Al4B4O16.poscar,110891,mp-8376,4,0.0,MgAlBO4,-3.180192536,90.51244
111353,111357_Mg14Ga1B1O16.poscar,111358,mp-1033774,4,0.242299692,Mg14GaBO16,-2.726437813,18.22558
111769,111773_Li6Mg2Zn10B30H120.poscar,111774,mp-1197046,5,0.0,Li3MgZn5(BH4)15,-0.262972861,8.998991
111778,111782_Mg4B24H48O70.poscar,111783,mp-1201885,4,0.112594193,Mg2B12H24O35,-1.881889168,10.821726
111959,111963_Li1Mg6B1O7.poscar,111964,mp-1031160,4,0.424295396,LiMg6BO7,-2.419726784,45.6838
112164,112168_Mg14B1W1.poscar,112169,mp-1026451,3,0.345724799,Mg14BW,0.299765411,5.9257183
112173,112177_Mg6B2O12.poscar,112178,mp-1189526,3,0.230593388,Mg3BO6,-2.356166871,2.5490708
112247,112251_Mg1Fe2B2O6.poscar,112252,mp-2217924,4,0.226390088,MgFe2(BO3)2,-2.214835602,8.815945
112305,112309_La1Mg14B1.poscar,112310,mp-1026743,3,0.277502788,LaMg14B,0.20338825,5.100902
112719,112723_K2Mg12B2.poscar,112724,mp-1021467,3,0.340964403,KMg6B,0.305148512,2.1708572
113250,113254_Li1Mg14B1O15.poscar,113255,mp-1035344,4,0.180120678,LiMg14BO15,-2.772297951,40.04162
113590,113594_Mg3Ni20B6.poscar,113595,mp-10117,3,0.0,Mg3(Ni10B3)2,-0.310412315,4.3678374
113765,113769_Mg4B48C2.poscar,113770,mp-568556,3,0.0,Mg2B24C,-0.131464268,1.9704869
114007,114011_La1Mg30B1O32.poscar,114012,mp-1039913,4,0.156485801,LaMg30BO32,-2.90272721,27.727959
114415,114419_K1Mg30B1O31.poscar,114420,mp-1040297,4,0.155503095,KMg30BO31,-2.837854931,48.52068
114454,114458_Na1Mg6B1O7.poscar,114459,mp-1030699,4,0.43885718,NaMg6BO7,-2.360033436,43.961533
114802,114806_Mg6Sn1B1.poscar,114807,mp-1099300,3,0.448257236,Mg6SnB,0.341681957,7.749376
114845,114849_Ca2Mg2B12O44.poscar,114850,mp-1214468,4,0.812690103,CaMg(B3O11)2,-1.091458254,4.3037777
114984,114988_Mg2B4C4.poscar,114989,mp-1079629,3,0.010023094,Mg(BC)2,-0.136380001,25.594276
115521,115525_Mg2B24H72O24.poscar,115526,mp-1203384,4,0.238096088,MgB12(H3O)12,-0.77110577,17.90557
115878,115882_Mg3B2P2H18O20.poscar,115883,mp-707392,5,0.008729404,Mg3B2P2(H9O10)2,-1.967251429,43.939022
116008,116012_Mg1Mn2B8O14.poscar,116013,mp-1233528,4,0.381194628,MgMn2(B4O7)2,-2.352870808,21.682453
116207,116211_Mg14Si1B1.poscar,116212,mp-1026687,3,0.238966583,Mg14SiB,0.186802801,3.4391055
116912,116916_Mg12B24H96.poscar,116917,mp-1200811,3,0.0,Mg(BH4)2,-0.353962186,27.397377
117426,117430_Mg6Cr1B1O8.poscar,117431,mp-1033299,4,0.456288574,Mg6CrBO8,-2.434135134,6.649878
117596,117600_Mg30Fe1B1O32.poscar,117601,mp-1037542,4,0.108615515,Mg30FeBO32,-2.895570958,5.698577
117682,117686_Cs1Mg6B1O8.poscar,117687,mp-1099263,4,0.654297831,CsMg6BO8,-2.287757359,54.72595
118594,118598_Mg14B1C1O16.poscar,118599,mp-1033845,4,0.428444813,Mg14BCO16,-2.527526698,2.242012
118691,118695_Hf1Mg6B1O7.poscar,118696,mp-1033263,4,0.596842088,HfMg6BO7,-2.350244704,6.9479566
118704,118708_Mg4B8H32.poscar,118709,mp-1196763,3,0.02592017,Mg(BH4)2,-0.328042016,52.872444
119558,119562_Rb1Mg14B1O16.poscar,119563,mp-1034177,4,0.367138552,RbMg14BO16,-2.633023175,89.430786
119601,119605_Li1Mg30B1O31.poscar,119606,mp-1098422,4,0.086532886,LiMg30BO31,-2.917503099,35.871098
119973,119977_Li1Mg30B1O32.poscar,119978,mp-1040135,4,0.084438969,LiMg30BO32,-2.950487525,75.27981
120111,120115_Hf1Mg14B1O15.poscar,120116,mp-1033737,4,0.354963295,HfMg14BO15,-2.647325308,14.5972395
120315,120319_Y1Mg14B1.poscar,120320,mp-1027937,3,0.259616583,YMg14B,0.176418843,4.781609
120663,120667_Mg12Cr2B2.poscar,120668,mp-1016662,3,0.356715281,Mg6CrB,0.214131738,3.8146954
121013,121017_Mg14Mn1B1O16.poscar,121018,mp-1036083,4,0.220458612,Mg14MnBO16,-2.749427148,4.454224
121728,121732_Mg14Ti1B1O16.poscar,121733,mp-1034026,4,0.241121485,Mg14TiBO16,-2.790538128,8.048481
121880,121884_Mg4B24H40O60.poscar,121885,mp-1195993,4,0.025034238,MgB6(H2O3)5,-2.12860824,50.71442
122411,122415_Mg6Cu1B1.poscar,122416,mp-1022116,3,0.260760072,Mg6CuB,0.191787535,3.4787388
122703,122707_Mg8B4P12H24O56.poscar,122708,mp-553891,5,0.002570905,Mg2BP3(H3O7)2,-2.344007615,41.20414
123053,123057_Sr1Mg14B1.poscar,123058,mp-1026709,3,0.232912687,SrMg14B,0.168050052,3.8008604
123380,123384_Cs1Mg30B1O31.poscar,123385,mp-1098533,4,0.232274194,CsMg30BO31,-2.759683635,34.146774
123747,123751_Mg4B28.poscar,123752,mp-978275,2,0.0,MgB7,-0.130570533,2.1647296
123933,123937_Mg4B8O28.poscar,123938,mp-1198135,3,0.510598113,MgB2O7,-1.56860755,59.309162
124104,124108_Mg4Ga2B4Ir10.poscar,124109,mp-1189749,4,0.0,Mg2GaB2Ir5,-0.53627353,3.9317622
124752,124756_Mg2B4H16.poscar,124757,mp-1192265,3,0.029276975,Mg(BH4)2,-0.32468521,52.471504
124928,124932_Mg4Si2B4Ir10.poscar,124933,mp-22250,4,0.0,Mg2SiB2Ir5,-0.605635646,3.7951546
125004,125008_Mg12Cu2B2.poscar,125009,mp-1022085,3,0.409966218,Mg6CuB,0.340993681,4.006352
125311,125315_Mg4Al2B4Ir10.poscar,125316,mp-865047,4,0.0,Mg2AlB2Ir5,-0.613804411,3.7970858
125659,125663_Na1Mg14B1O15.poscar,125664,mp-1034744,4,0.214838511,NaMg14BO15,-2.715742265,37.32125
128006,128010_Mg14Mn1B1.poscar,128011,mp-1028067,3,0.294224809,Mg14MnB,0.225993066,5.126428
128177,128181_Mg1B2N6.poscar,128182,mp-1206547,3,3.442155344,Mg(BN3)2,2.626815916,6.387321
128199,128203_Li1Mg14B1.poscar,128204,mp-1026801,3,0.216060244,LiMg14B,0.167957666,4.0759478
128556,128560_Na2Mg2B2O6.poscar,128561,mp-561536,4,0.005652541,NaMgBO3,-2.754532829,51.149208
129041,129045_Li1Mg1B1N2.poscar,129046,mp-1222299,4,0.0,LiMgBN2,-1.085660035,17.811777
129466,129470_Ce1Mg6B1.poscar,129471,mp-1098076,3,0.381932146,CeMg6B,0.273223439,4.7211094
129643,129647_Mg20Ti2Sn2B8O40.poscar,129648,mp-1222637,5,0.0,Mg10TiSn(BO5)4,-3.024753717,33.321518
129895,129899_Mg14Zn1B1.poscar,129900,mp-1027886,3,0.219107849,Mg14ZnB,0.171082274,2.9222574
129910,129914_Mg30Si1B1O32.poscar,129915,mp-1039820,4,0.167496958,Mg30SiBO32,-2.858464556,1.9333143
130320,130324_Na1Mg6B1O7.poscar,130325,mp-1030743,4,0.532115931,NaMg6BO7,-2.266774686,37.67583
130633,130637_Hf1Mg14B1O16.poscar,130638,mp-1033651,4,0.297627337,HfMg14BO16,-2.761433749,29.551369
130935,130939_Mg14Al1B1.poscar,130940,mp-1028230,3,0.226601795,Mg14AlB,0.188261771,3.4712667
131048,131052_Mg4B8H28.poscar,131053,mp-1202883,3,0.048960956,MgB2H7,-0.296615972,32.512154
131093,131097_Mg12Mn2B2.poscar,131098,mp-1022889,3,0.514625606,Mg6MnB,0.384650386,4.7977567
131975,131979_K1Mg14B1O15.poscar,131980,mp-1035836,4,0.257832737,KMg14BO15,-2.672885521,53.58655
132241,132245_Mg12B8H36S4O52F4.poscar,132246,mp-1181947,6,0.090079003,Mg3B2H9SO13F,-2.044786918,40.299583
132324,132328_Li1Mg14B1O15.poscar,132329,mp-1035484,4,0.199405404,LiMg14BO15,-2.753013225,40.79825
132463,132467_Li1Mg14B1O15.poscar,132468,mp-1035354,4,0.180907793,LiMg14BO15,-2.771510836,39.193314
132532,132536_Li1Mg6B1O7.poscar,132537,mp-1031178,4,0.498376988,LiMg6BO7,-2.345645192,46.041054
132572,132576_Mg8B8O20.poscar,132577,mp-18256,3,0.0,Mg2B2O5,-3.022721906,91.09989
132712,132716_Hf1Mg30B1O32.poscar,132717,mp-1038450,4,0.152715758,HfMg30BO32,-2.903834934,21.928467
133562,133566_Mg10Ti2B4O20.poscar,133567,mp-1222168,4,0.058418977,Mg5Ti(BO5)2,-3.07424138,18.630827
133872,133876_Cs1Mg30B1O31.poscar,133877,mp-1098613,4,0.162527563,CsMg30BO31,-2.829430265,27.499989
133900,133904_Na1Mg6Al3Si6B3O30.poscar,133905,mp-1221241,6,0.188108863,NaMg6Al3Si6(BO10)3,-2.848966472,20.140205
133955,133959_Rb1Mg30B1O32.poscar,133960,mp-1039674,4,0.165023953,RbMg30BO32,-2.862077061,76.783165
134494,134498_Mg14Ga1B1.poscar,134499,mp-1026500,3,0.211556238,Mg14GaB,0.152827575,4.222049
134525,134529_Li2Mg12B2.poscar,134530,mp-1021306,3,0.380710953,LiMg6B,0.311256646,3.2247407
134737,134741_Mg14Fe1B1.poscar,134742,mp-1028228,3,0.276417391,Mg14FeB,0.219628521,4.3050027
135100,135104_Mg30Ga1B1O32.poscar,135105,mp-1038428,4,0.125745674,Mg30GaBO32,-2.885643228,2.8482165
135602,135606_Na24Mg8B40O80.poscar,135607,mp-683990,4,0.0,Na3Mg(BO2)5,-2.760101929,54.98063
136527,136531_K1Mg6B1O8.poscar,136532,mp-1031258,4,0.437567855,KMg6BO8,-2.516616536,85.584236
136805,136809_Mg14Cr1B1.poscar,136810,mp-1026505,3,0.321210216,Mg14CrB,0.243107058,5.0790563
136911,136915_Mg30Ga1B1O32.poscar,136916,mp-1038427,4,0.120877568,Mg30GaBO32,-2.890511334,3.1130552
136921,136925_Mg1Fe2B2O6.poscar,136926,mp-2240895,4,0.135632684,MgFe2(BO3)2,-2.305593006,14.466771
136926,136930_Mg14Cr1B1O16.poscar,136931,mp-1033868,4,0.233695846,Mg14CrBO16,-2.738536158,4.568121
137476,137481_Li1Mg14B1.poscar,137482,mp-1026806,3,0.197312065,LiMg14B,0.149209487,3.3492188
137563,137568_Mg6Ti1B1O8.poscar,137569,mp-1031438,4,0.473385722,Mg6TiBO8,-2.535893204,9.136567
137883,137888_Mg2B6H30O26.poscar,137889,mp-24391,4,0.016486089,MgB3H15O13,-1.764025713,54.80411
137993,137998_Mg30B1C1O32.poscar,137999,mp-1038482,4,0.16492875,Mg30BCO32,-2.840077155,2.3262076
138130,138135_Na1Mg14B1O15.poscar,138136,mp-1034618,4,0.189395827,NaMg14BO15,-2.741184949,36.046535
138196,138201_Mg14Ti1B1.poscar,138202,mp-1026386,3,0.334608268,Mg14TiB,0.213392795,5.1477695
138611,138616_Na1Mg30B1O31.poscar,138617,mp-1039838,4,0.118629614,NaMg30BO31,-2.874660761,43.77633
138719,138724_Mg4B8H30.poscar,138725,mp-1204358,3,0.019948373,Mg2B4H15,-0.330020833,26.881184
138828,138833_Mg14Si1B1O16.poscar,138834,mp-1034819,4,0.286259323,Mg14SiBO16,-2.711623406,1.9591818
138895,138900_Mg1Al1B4.poscar,138901,mp-1207086,3,0.0,MgAlB4,-0.145912869,2.4914637
139408,139413_Rb1Mg14B1.poscar,139414,mp-1026624,3,0.350949448,RbMg14B,0.328401969,4.741854
139617,139622_Mg30Si1B1O32.poscar,139623,mp-1039876,4,0.137373102,Mg30SiBO32,-2.888588412,1.878947
140784,140789_Mg2Al4B56.poscar,140790,mp-531611,3,0.0,Mg(AlB14)2,-0.095861064,2.295158
140922,140927_Ce1Mg30B1O32.poscar,140928,mp-1039962,4,0.156113985,CeMg30BO32,-2.898558328,3.4246178
141566,141571_Mg6B1C1.poscar,141572,mp-1100157,3,0.681675422,Mg6BC,0.635924455,3.4783769
141829,141834_Hf1Mg30B1O32.poscar,141835,mp-1038378,4,0.152768892,HfMg30BO32,-2.903781801,24.216324
142138,142143_K2Mg4B24H38O60.poscar,142144,mp-707457,5,0.006099271,KMg2B12H19O30,-2.179092082,83.91268
142339,142344_Na1Mg14B1O16.poscar,142345,mp-1034600,4,0.191005414,NaMg14BO16,-2.807937086,75.09101
142375,142380_Ca1Mg14B1.poscar,142381,mp-1028118,3,0.256691375,CaMg14B,0.191372044,4.360493
142562,142567_Mg30Al1B1O32.poscar,142568,mp-1038188,4,0.111652714,Mg30AlBO32,-2.92884158,1.9610167
142605,142610_Mg30B1Sb1O32.poscar,142611,mp-1038429,4,0.173119759,Mg30BSbO32,-2.831581505,4.399329
142745,142750_Rb1Mg14B1O15.poscar,142751,mp-1034270,4,0.372348127,RbMg14BO15,-2.556516469,39.44619
143209,143214_Na1Mg14B1O15.poscar,143215,mp-1034638,4,0.192265318,NaMg14BO15,-2.738315458,31.695255
143334,143339_Mg15B1.poscar,143340,mp-1023515,2,0.194329719,Mg15B,0.18210891,2.823915
143430,143435_Li2Mg12B2.poscar,143436,mp-1021285,3,0.394883954,LiMg6B,0.325429647,3.5676627
143497,143502_Cs1Mg6B1O8.poscar,143503,mp-1033526,4,1.000652359,CsMg6BO8,-1.94140283,68.97549
144032,144037_K2Mg1B12H20O30.poscar,144038,mp-541566,5,0.007428208,K2MgB12(H2O3)10,-2.134890638,83.63186
144282,144287_Mg14Cr1B1.poscar,144288,mp-1026516,3,0.318953776,Mg14CrB,0.240850618,4.4385896
144895,144900_Mg4B8H24O28.poscar,144901,mp-706910,4,0.028103963,MgB2H6O7,-1.999866757,55.164467
145134,145139_Mg6B1C1O8.poscar,145140,mp-1033312,4,0.880929336,Mg6BCO8,-1.976973387,2.220041
145146,145151_Mg12Co2B2.poscar,145152,mp-1022088,3,0.148343989,Mg6CoB,0.047824576,3.6380458
145302,145307_Mg14Ni1B1.poscar,145308,mp-1028348,3,0.260314295,Mg14NiB,0.191249173,4.239657
145668,145673_Mg12B2Mo2.poscar,145674,mp-1016648,3,0.533723627,Mg6BMo,0.401188823,6.2352815
145740,145745_Mg4B4As2Ir10.poscar,145746,mp-1105793,4,0.0,Mg2B2AsIr5,-0.429385077,3.478516
145769,145774_K1Mg14B1.poscar,145775,mp-1026871,3,0.270770171,KMg14B,0.244590027,3.337821
146405,146410_Mg2B8Os6.poscar,146411,mp-10503,3,0.0,MgB4Os3,-0.226472188,3.8105965
146486,146491_Mg6B6P6H36O48.poscar,146492,mp-758868,5,0.000575374,MgBP(H3O4)2,-2.069774829,50.95688
146506,146511_Mg14Sn1B1.poscar,146512,mp-1026690,3,0.226041757,Mg14SnB,0.159126542,4.0915923
147428,147433_Mg8B16C16.poscar,147434,mp-3582,3,0.0,Mg(BC)2,-0.146403094,28.219925
147641,147646_Mg12Al2B2.poscar,147647,mp-1023279,3,0.409919163,Mg6AlB,0.360476986,3.20165
147784,147789_La1Mg14B1O16.poscar,147790,mp-1034910,4,0.330324009,LaMg14BO16,-2.734061715,36.086845
148024,148029_Mg6Ti2B4O16.poscar,148030,mp-1222241,4,0.012193286,Mg3Ti(BO4)2,-3.134462944,18.593132
148062,148067_Na1Mg30B1O31.poscar,148068,mp-1039824,4,0.091188604,NaMg30BO31,-2.902101771,26.374142
148800,148805_Mg14Zr1B1.poscar,148806,mp-1099082,3,0.275516835,Mg14ZrB,0.16416792,5.226996
148943,148948_Mg6B1Sb1.poscar,148949,mp-1100151,3,0.313339396,Mg6BSb,0.138017209,3.827477
149075,149080_Mg4B8Ru10.poscar,149081,mp-541066,3,0.0,Mg2B4Ru5,-0.355150963,3.5407805
149129,149134_Nd26Mg4Si8B16O86.poscar,149135,mp-1196647,5,0.124246785,Nd13Mg2Si4B8O43,-3.310666279,1.7468114
149450,149455_Cs1Mg30B1O32.poscar,149456,mp-1098541,4,0.208344011,CsMg30BO32,-2.81770001,60.932117
149555,149560_Mg14Al1B1O16.poscar,149561,mp-1036398,4,0.229562659,Mg14AlBO16,-2.797385629,2.346095
149892,149897_Mg3B1O4.poscar,149898,mp-1099256,3,0.730901377,Mg3BO4,-2.193002194,46.387794
150409,150414_Hf2Mg12B2.poscar,150415,mp-1017247,3,0.535965278,HfMg6B,0.330407748,4.8497133
150832,150837_Mg14Mn1B1O16.poscar,150838,mp-1036103,4,0.216028984,Mg14MnBO16,-2.753856776,4.494958
150932,150937_Mg4B16O64.poscar,150938,mp-1181233,3,0.614507176,Mg(BO4)4,-1.060334382,3.949863
151100,151105_Mg4Ti2B4Ir10.poscar,151106,mp-1188988,4,0.0,Mg2TiB2Ir5,-0.594058172,3.9401517
151192,151197_Na1Mg30B1O31.poscar,151198,mp-1039849,4,0.088924481,NaMg30BO31,-2.904365894,29.122929
151457,151462_Mg6Co1B1O8.poscar,151463,mp-1032067,4,0.386269194,Mg6CoBO8,-2.480474146,2.2045548
151776,151781_Rb1Mg30B1O32.poscar,151782,mp-1039672,4,0.122298051,RbMg30BO32,-2.904802962,57.493965
152259,152264_Mg2B6.poscar,152265,mp-1222002,2,0.473580799,MgB3,0.337926836,2.7721076
152398,152403_Ca24Mg24B48O120.poscar,152404,mp-1197459,4,0.003967157,CaMgB2O5,-3.129136867,77.287224
152584,152589_Cs1Mg14B1.poscar,152590,mp-1026611,3,0.31570483,CsMg14B,0.303484021,6.4150233
152960,152965_Ce1Mg14B1O16.poscar,152966,mp-1034664,4,0.307247312,CeMg14BO16,-2.748057015,3.7390208
154073,154078_Mg4B12O52.poscar,154079,mp-1204849,3,0.787871862,MgB3O13,-0.858120178,4.519348
154630,154635_Ho4Mg4B20O40.poscar,154636,mp-1212152,4,0.011916518,HoMg(BO2)5,-3.10432053,77.85286
